gss_code,sites_total,hectares_total,homes_min_total,homes_max_total,homes_reported_total,sites_permitted_not_started,hectares_permitted_not_started,homes_min_permitted_not_started,homes_max_permitted_not_started,homes_reported_permitted_not_started,sites_unpermissioned,hectares_unpermissioned,homes_min_unpermissioned,homes_max_unpermissioned,homes_reported_unpermissioned,sites_pns_deliverable,hectares_pns_deliverable,homes_min_pns_deliverable,homes_max_pns_deliverable,homes_reported_pns_deliverable,pct_sites_with_homes,borough,ten_year_target,source,pct_hectares_public,median_permission_age_years,permissions_dated,demand_gap_per_km2,demand_gap_per_km2_median,demand_gap_total,tightness_mean,tightness_median,msoas,msoas_surplus,pct_of_target_pns,pct_of_target_unpermissioned,pct_of_target_total,homes_capacity_reported,data_quality_flag
E09000020,74,72.969345,13905.0,14531.0,74.0,47,34.205808000000005,5867.0,6298.0,47.0,26.0,38.461684,7983.0,8178.0,26.0,45.0,27.198261000000002,4682.0,5113.0,45.0,100.0,Kensington and Chelsea,4480,London Plan 2021 Table 4.1,7.239274245917929,9.45927446954141,47.0,2250.1507663714283,2215.021507,26967.9226555,8.014333046761905,8.06392792,21,0,130.95982142857144,178.19196428571428,310.3794642857143,True,
E09000002,86,614.69,40172.0,59639.0,59.0,35,436.16,23251.0,33211.0,24.0,45.0,150.05,14168.0,22156.0,32.0,14.0,234.77,22933.0,32893.0,14.0,68.6046511627907,Barking and Dagenham,19440,London Plan 2021 Table 4.1,7.789292163529585,6.049281314168377,22.0,173.33116730818182,175.73497735,6166.12257381,2.0639962534545457,2.1172653109999997,22,0,119.60390946502058,72.88065843621399,206.64609053497944,True,
E09000007,151,61.24831,12798.0,13647.0,151.0,138,39.58831,10973.0,10972.0,138.0,13.0,21.66,1825.0,2675.0,13.0,130.0,38.4589,10870.0,10869.0,130.0,100.0,Camden,10380,London Plan 2021 Table 4.1,18.23723789276798,8.528405201916495,138.0,1490.1712234444442,1350.624249,29616.449667200002,5.658872750148148,5.333806378,27,0,105.71290944123315,17.58188824662813,123.29479768786126,True,
E09000023,240,143.3,27491.0,29587.0,237.0,171,89.68,16309.0,16388.0,171.0,62.0,42.01,7092.0,9109.0,60.0,171.0,89.68,16309.0,16388.0,171.0,98.75,Lewisham,16670,London Plan 2021 Table 4.1,5.889741800418701,5.122518822724161,171.0,498.83234964722226,521.79372,16502.6659852,3.0434983702222222,3.0569216375,36,0,97.83443311337733,42.54349130173965,164.9130173965207,True,
E09000032,189,252.54399999999998,28843.0,29827.0,189.0,123,191.654,18845.0,19639.0,123.0,62.0,57.4,9456.0,9457.0,62.0,122.0,179.204,18030.0,18571.0,122.0,100.0,Wandsworth,19500,London Plan 2021 Table 4.1,14.11001647237709,3.9342915811088295,123.0,1070.173487472973,1062.705811,33291.7307021,4.93723958481081,4.897077034,37,0,96.64102564102565,48.49230769230769,147.9128205128205,True,
E09000003,240,553.562399,18058.0,18058.0,104.0,225,518.6573989999999,18058.0,18058.0,104.0,15.0,34.905,,,0.0,196.0,486.520399,18058.0,18058.0,104.0,43.333333333333336,Barnet,23640,London Plan 2021 Table 4.1,2.9785260035337044,9.374401095140314,196.0,285.33567445341464,275.2299721,20650.5965863,2.3147863389512198,2.300005979,41,0,76.38747884940778,,76.38747884940778,True,PARTIAL_CAPACITY;
E09000011,94,129.38,20988.0,20988.0,92.0,83,118.47,18410.0,18410.0,81.0,7.0,7.46,1231.0,1231.0,7.0,83.0,118.47,18410.0,18410.0,81.0,97.87234042553192,Greenwich,28240,London Plan 2021 Table 4.1,5.418148090895038,9.229295003422314,83.0,419.72889003030303,332.9961141,18276.8379849,2.9408050703636364,2.691226935,33,0,65.19121813031161,4.359065155807365,74.32011331444758,True,
E09000031,183,126.75520399999999,17687.0,17687.0,156.0,48,37.421153,7531.0,7531.0,29.0,132.0,64.70405099999999,7597.0,7597.0,124.0,48.0,37.421153,7531.0,7531.0,29.0,85.24590163934425,Waltham Forest,12640,London Plan 2021 Table 4.1,42.14185951686844,8.924024640657084,34.0,493.3099422892857,509.6788084,17225.8798311,3.2764909197857146,3.208871637,28,0,59.58069620253165,60.10284810126583,139.92879746835442,True,
E09000018,173,64.42999999999999,10352.0,10363.0,173.0,133,61.5,10108.0,10118.0,133.0,37.0,2.69,230.0,231.0,37.0,104.0,28.259999999999998,3122.0,3122.0,104.0,100.0,Hounslow,17820,London Plan 2021 Table 4.1,46.701846965699204,6.0862422997946615,133.0,285.5759512258929,153.149649,12479.81841924,2.33044698575,1.853275339,28,0,56.72278338945006,1.2906846240179575,58.09203142536475,True,
E09000005,213,218.207026,26969.0,27010.0,184.0,114,61.107,11621.0,11636.0,114.0,66.0,140.41,13410.0,13436.0,63.0,105.0,60.347,11569.0,11572.0,105.0,86.3849765258216,Brent,23250,London Plan 2021 Table 4.1,6.915451017603804,6.922655715263518,114.0,320.30713731470587,223.7709398,11663.7177655,2.2727322640882353,2.0076426495,34,0,49.98279569892473,57.67741935483871,115.99569892473119,True,
E09000027,57,30.291,2357.0,2446.0,57.0,35,12.456,1848.0,1848.0,35.0,22.0,17.835,509.0,598.0,22.0,35.0,12.456,1848.0,1848.0,35.0,100.0,Richmond upon Thames,4110,London Plan 2021 Table 4.1,4.912350203030603,2.8802190280629705,35.0,589.9983156173913,592.1144041,29220.9037667,3.930088002130435,3.853481301,23,0,44.96350364963504,12.384428223844282,57.34793187347932,True,
E09000008,495,172.79971,18232.0,33044.0,494.0,343,54.6,8342.0,8342.0,343.0,152.0,118.19971,9890.0,24702.0,151.0,343.0,54.6,8342.0,8342.0,343.0,99.79797979797979,Croydon,20790,London Plan 2021 Table 4.1,17.547249355916165,8.208076659822039,343.0,200.98004017931817,171.24125575,14415.24762665,2.0249430731590907,1.9508894695,44,0,40.12506012506012,47.57094757094757,87.6960076960077,True,
E09000004,108,83.771,7101.0,7385.0,86.0,72,37.841,2506.0,2790.0,53.0,36.0,45.93,4595.0,4595.0,33.0,72.0,37.841,2506.0,2790.0,53.0,79.62962962962963,Bexley,6850,London Plan 2021 Table 4.1,7.65181267980566,6.086242299794661,72.0,221.18215951964288,243.2824903,12608.4101759,2.3819196044285715,2.4674026834999996,28,0,36.583941605839414,67.08029197080292,103.66423357664235,True,
E09000024,277,115.276026,6141.0,6141.0,115.0,220,73.660844,2987.0,2987.0,90.0,45.0,29.285182,3154.0,3154.0,25.0,153.0,62.520844,2987.0,2987.0,90.0,41.51624548736462,Merton,9180,London Plan 2021 Table 4.1,3.53374863911426,7.162217659137577,219.0,445.7376299372,478.4863159,16029.77542837,2.98815171844,3.07530848,25,0,32.53812636165577,34.35729847494554,66.89542483660131,True,PARTIAL_CAPACITY;
E09000019,77,82.09,7995.0,7995.0,72.0,38,36.12,2431.0,2431.0,33.0,39.0,45.97,5564.0,5564.0,39.0,38.0,36.12,2431.0,2431.0,33.0,93.5064935064935,Islington,7750,London Plan 2021 Table 4.1,63.85674259958583,9.065023956194388,38.0,1530.585356130435,1488.355103,22979.5291329,5.827162897391304,5.620266818,23,0,31.367741935483874,71.79354838709678,103.16129032258064,True,
E09000014,277,182.362,15902.0,16032.0,156.0,213,69.402,3314.0,3444.0,93.0,,,,,,213.0,69.402,3314.0,3444.0,93.0,56.317689530685925,Haringey,15920,London Plan 2021 Table 4.1,10.294907930380234,9.634496919917865,213.0,514.6847399361111,461.20339379999996,15330.5360609,3.0788549068611113,2.996943113,36,0,20.816582914572866,,99.88693467336684,True,PARTIAL_CAPACITY;
E09000012,38,6.909,3212.0,3222.0,7.0,33,4.619,2736.0,2736.0,3.0,5.0,2.29,476.0,486.0,4.0,,,,,,18.421052631578945,Hackney,13280,London Plan 2021 Table 4.1,0.0,9.399041752224504,29.0,1140.1096649214285,1010.269792,19361.2413582,4.8975587119999995,4.681608546,28,0,20.602409638554217,3.5843373493975905,24.186746987951807,True,PARTIAL_CAPACITY;
E09000022,51,15.620000000000001,2987.0,2987.0,51.0,49,14.1,2417.0,2417.0,49.0,2.0,1.52,570.0,570.0,2.0,49.0,14.1,2417.0,2417.0,49.0,100.0,Lambeth,13350,London Plan 2021 Table 4.1,28.55313700384123,2.614647501711157,49.0,917.2509311257144,948.3100795,23445.5671483,4.124368002485714,4.104473159,35,0,18.10486891385768,4.269662921348314,22.374531835205993,True,
E09000013,23,24.322,5188.0,5188.0,22.0,17,11.122,2494.0,2494.0,17.0,,,,,,17.0,11.122,2494.0,2494.0,17.0,95.65217391304348,Hammersmith & Fulham,16090,London Plan 2021 Table 4.1,2.5491324726584983,8.574948665297741,17.0,1354.179375728,1289.372475,20363.6430387,5.6464625261200005,5.509933716,25,0,15.500310752019889,,32.243629583592295,True,
E09000001,2,0.22,104.0,104.0,2.0,2,0.22,104.0,104.0,2.0,,,,,,2.0,0.22,104.0,104.0,2.0,100.0,City of London,1460,London Plan 2021 Table 4.1,0.0,10.039698836413415,2.0,1890.935892,1890.935892,5469.626194,6.397431384,6.397431384,1,0,7.123287671232877,,7.123287671232877,True,LOW_SITE_COUNT;
E09000028,791,383.980674,8393.0,9362.0,348.0,416,182.409,778.0,950.0,318.0,74.0,103.125274,7615.0,8412.0,30.0,315.0,53.04,0.0,0.0,315.0,43.994943109987354,Southwark,23550,London Plan 2021 Table 4.1,0.0,9.930184804928132,387.0,856.7048148787879,802.379375,23183.902038199998,3.782338944727273,3.801965238,33,0,3.303609341825902,32.33545647558386,35.639065817409765,True,PARTIAL_CAPACITY;
E09000025,96,11.537908,1520.0,2290.0,95.0,75,7.017908,885.0,1368.0,74.0,18.0,4.42,612.0,894.0,18.0,75.0,7.017908,885.0,1368.0,74.0,98.95833333333334,Newham,32800,London Plan 2021 Table 4.1,36.661758786774854,7.327857631759069,74.0,397.80887018378377,336.5031183,11673.19183594,2.725951790135135,2.523577825,37,0,2.698170731707317,1.8658536585365852,4.634146341463414,True,
E09000026,188,128.11,0.0,0.0,144.0,72,22.07,0.0,0.0,32.0,112.0,103.06,0.0,0.0,108.0,61.0,14.59,0.0,0.0,21.0,76.59574468085107,Redbridge,14090,London Plan 2021 Table 4.1,56.58418546561548,10.609171800136892,49.0,315.48357388806454,292.5027231,16450.975792,2.7205964441612904,2.651842181,31,0,0.0,0.0,0.0,True,
E09000033,280,99.090677,0.0,0.0,280.0,208,52.951673,0.0,0.0,208.0,53.0,39.511482,0.0,0.0,53.0,36.0,4.109568,0.0,0.0,36.0,100.0,Westminster,9850,London Plan 2021 Table 4.1,9.212672954086287,9.453798767967147,208.0,1795.196836975,1863.8812750000002,37012.652027000004,6.286431771208334,6.5028741485,24,0,0.0,0.0,0.0,True,
E09000006,88,52.165,,,,76,29.825,,,,12.0,22.34,,,,76.0,29.825,,,,0.0,Bromley,7740,London Plan 2021 Table 4.1,23.69021374484808,9.253935660506503,74.0,228.1061782703077,228.3955683,21400.90095267,2.214004616230769,2.239861623,39,0,,,,False,NO_CAPACITY_PUBLISHED;
E09000009,70,111.69,,,,31,61.22,,,,34.0,44.410000000000004,,,,30.0,58.74,,,,0.0,Ealing,21570,London Plan 2021 Table 4.1,10.618676694422062,9.070499657768652,31.0,382.94540960205126,318.4723333,17378.75570409,2.6951500035897435,2.447855659,39,0,,,,False,NO_CAPACITY_PUBLISHED;
E09000010,27,49.815000000000005,,,,27,49.815000000000005,,,,,,,,,27.0,49.815000000000005,,,,0.0,Enfield,12460,London Plan 2021 Table 4.1,18.217404396266183,9.552361396303901,27.0,201.02662033888888,176.27922595,13099.4657408,2.062369863166667,1.974362254,36,0,,,,False,NO_CAPACITY_PUBLISHED;
E09000015,102,102.483271,,,,84,80.204416,,,,15.0,19.793891,,,,83.0,80.174055,,,,0.0,Harrow,8020,London Plan 2021 Table 4.1,45.61378900562219,10.620123203285422,84.0,185.65914959333335,169.640463,9199.1196032,2.0616784222,1.970264472,30,0,,,,False,NO_CAPACITY_PUBLISHED;
E09000016,114,104.1,,,,63,38.49,,,,31.0,51.129999999999995,,,,52.0,35.65,,,,0.0,Havering,12850,London Plan 2021 Table 4.1,26.157540826128724,,,219.5956106433,207.6391217,16452.53251836,2.7190629348,2.568677409,30,1,,,,False,NO_CAPACITY_PUBLISHED;
E09000017,203,180.209,,,,52,73.35,,,,23.0,50.52,,,,52.0,73.35,,,,0.0,Hillingdon,10830,London Plan 2021 Table 4.1,0.47167455565482297,9.976728268309376,52.0,129.22466067375,122.43003010000001,10538.66388046,1.85973461165625,1.84296868,32,2,,,,False,NO_CAPACITY_PUBLISHED;
E09000021,49,64.135,,,,23,24.884999999999998,,,,26.0,39.25,,,,23.0,24.884999999999998,,,,0.0,Kingston upon Thames,9640,London Plan 2021 Table 4.1,0.0,5.503080082135524,23.0,389.742304251,470.4585492,12392.9399093,3.09510368255,3.3944400685,20,0,,,,False,NO_CAPACITY_PUBLISHED;
E09000029,103,47.99,2850.0,6431.0,55.0,48,24.66,,,0.0,55.0,23.330000000000002,2850.0,6431.0,55.0,,,,,,53.398058252427184,Sutton,4690,London Plan 2021 Table 4.1,38.341321108564294,10.754277891854894,45.0,250.85378512833333,253.59658015000002,9768.2010196,2.3790848015833332,2.321434186,24,0,,60.76759061833689,60.76759061833689,True,PARTIAL_CAPACITY;
E09000030,26,95.99,,,,7,4.92,,,,3.0,2.66,,,,,,,,,0.0,Tower Hamlets,34730,London Plan 2021 Table 4.1,0.0,10.33264887063655,7.0,1184.9666534,1175.3406275,22049.6479826,4.91297624765625,4.677470134,32,0,,,,False,NO_CAPACITY_PUBLISHED;
